{
  "ABIRoot": {
    "kind": "Root",
    "name": "TopLevel",
    "printedName": "TopLevel",
    "children": [
      {
        "kind": "Import",
        "name": "UIKit",
        "printedName": "UIKit",
        "declKind": "Import",
        "moduleName": "MyFramework",
        "declAttributes": [
          "RawDocComment"
        ]
      },
      {
        "kind": "Function",
        "name": "aaa",
        "printedName": "aaa()",
        "children": [
          {
            "kind": "TypeNominal",
            "name": "Void",
            "printedName": "()"
          }
        ],
        "declKind": "Func",
        "usr": "s:11MyFramework3aaayyF",
        "mangledName": "$s11MyFramework3aaayyF",
        "moduleName": "MyFramework",
        "declAttributes": [
          "AccessControl"
        ],
        "funcSelfKind": "NonMutating"
      },
      {
        "kind": "Function",
        "name": "bbb",
        "printedName": "bbb()",
        "children": [
          {
            "kind": "TypeNominal",
            "name": "Void",
            "printedName": "()"
          }
        ],
        "declKind": "Func",
        "usr": "s:11MyFramework3bbbyyF",
        "mangledName": "$s11MyFramework3bbbyyF",
        "moduleName": "MyFramework",
        "declAttributes": [
          "AccessControl"
        ],
        "funcSelfKind": "NonMutating"
      },
      {
        "kind": "Import",
        "name": "Foundation",
        "printedName": "Foundation",
        "declKind": "Import",
        "moduleName": "MyFramework",
        "declAttributes": [
          "RawDocComment"
        ]
      },
      {
        "kind": "TypeDecl",
        "name": "Soomirang",
        "printedName": "Soomirang",
        "children": [
          {
            "kind": "Function",
            "name": "add",
            "printedName": "add(_:_:)",
            "children": [
              {
                "kind": "TypeNominal",
                "name": "Int",
                "printedName": "Swift.Int",
                "usr": "s:Si"
              },
              {
                "kind": "TypeNominal",
                "name": "Int",
                "printedName": "Swift.Int",
                "usr": "s:Si"
              },
              {
                "kind": "TypeNominal",
                "name": "Int",
                "printedName": "Swift.Int",
                "usr": "s:Si"
              }
            ],
            "declKind": "Func",
            "usr": "s:11MyFramework9SoomirangC3addyS2i_SitFZ",
            "mangledName": "$s11MyFramework9SoomirangC3addyS2i_SitFZ",
            "moduleName": "MyFramework",
            "static": true,
            "declAttributes": [
              "Final",
              "AccessControl"
            ],
            "funcSelfKind": "NonMutating"
          },
          {
            "kind": "Function",
            "name": "subtract",
            "printedName": "subtract(_:_:)",
            "children": [
              {
                "kind": "TypeNominal",
                "name": "Int",
                "printedName": "Swift.Int",
                "usr": "s:Si"
              },
              {
                "kind": "TypeNominal",
                "name": "Int",
                "printedName": "Swift.Int",
                "usr": "s:Si"
              },
              {
                "kind": "TypeNominal",
                "name": "Int",
                "printedName": "Swift.Int",
                "usr": "s:Si"
              }
            ],
            "declKind": "Func",
            "usr": "s:11MyFramework9SoomirangC8subtractyS2i_SitFZ",
            "mangledName": "$s11MyFramework9SoomirangC8subtractyS2i_SitFZ",
            "moduleName": "MyFramework",
            "static": true,
            "declAttributes": [
              "Final",
              "AccessControl"
            ],
            "funcSelfKind": "NonMutating"
          },
          {
            "kind": "Function",
            "name": "multiply",
            "printedName": "multiply(_:_:)",
            "children": [
              {
                "kind": "TypeNominal",
                "name": "Int",
                "printedName": "Swift.Int",
                "usr": "s:Si"
              },
              {
                "kind": "TypeNominal",
                "name": "Int",
                "printedName": "Swift.Int",
                "usr": "s:Si"
              },
              {
                "kind": "TypeNominal",
                "name": "Int",
                "printedName": "Swift.Int",
                "usr": "s:Si"
              }
            ],
            "declKind": "Func",
            "usr": "s:11MyFramework9SoomirangC8multiplyyS2i_SitFZ",
            "mangledName": "$s11MyFramework9SoomirangC8multiplyyS2i_SitFZ",
            "moduleName": "MyFramework",
            "static": true,
            "declAttributes": [
              "Final",
              "AccessControl"
            ],
            "funcSelfKind": "NonMutating"
          },
          {
            "kind": "Function",
            "name": "divide",
            "printedName": "divide(_:_:)",
            "children": [
              {
                "kind": "TypeNominal",
                "name": "Optional",
                "printedName": "Swift.Int?",
                "children": [
                  {
                    "kind": "TypeNominal",
                    "name": "Int",
                    "printedName": "Swift.Int",
                    "usr": "s:Si"
                  }
                ],
                "usr": "s:Sq"
              },
              {
                "kind": "TypeNominal",
                "name": "Int",
                "printedName": "Swift.Int",
                "usr": "s:Si"
              },
              {
                "kind": "TypeNominal",
                "name": "Int",
                "printedName": "Swift.Int",
                "usr": "s:Si"
              }
            ],
            "declKind": "Func",
            "usr": "s:11MyFramework9SoomirangC6divideySiSgSi_SitFZ",
            "mangledName": "$s11MyFramework9SoomirangC6divideySiSgSi_SitFZ",
            "moduleName": "MyFramework",
            "static": true,
            "declAttributes": [
              "Final",
              "AccessControl"
            ],
            "funcSelfKind": "NonMutating"
          }
        ],
        "declKind": "Class",
        "usr": "s:11MyFramework9SoomirangC",
        "mangledName": "$s11MyFramework9SoomirangC",
        "moduleName": "MyFramework",
        "declAttributes": [
          "AccessControl"
        ],
        "hasMissingDesignatedInitializers": true
      }
    ],
    "json_format_version": 8
  },
  "ConstValues": []
}